clk_ns,PDyn_mW,PLeak_mW,EDyn_pJ,ELeak_pJ,Etotal_pJ
0.22,5.498,0.0432,1.20956,0.009504,1.21906
0.231,4.216,0.0312,0.973896,0.0072072,0.981103
0.242,3.317,0.0219,0.802714,0.0052998,0.808014
0.253,2.976,0.0199,0.752928,0.0050347,0.757963
0.264,2.563,0.0168,0.676632,0.0044352,0.681067
0.275,2.414,0.0157,0.66385,0.0043175,0.668167
0.286,2.31,0.0159,0.66066,0.0045474,0.665207
0.308,2.092,0.015,0.644336,0.00462,0.648956
0.33,1.967,0.0156,0.64911,0.005148,0.654258
0.385,1.679,0.0153,0.646415,0.0058905,0.652305
0.44,1.477,0.015,0.64988,0.0066,0.65648
0.66,0.936,0.0119,0.61776,0.007854,0.625614
1.1,0.504,0.0107,0.5544,0.01177,0.56617
2.2,0.252,0.0107,0.5544,0.02354,0.57794
22,0.02496,0.0104,0.54912,0.2288,0.77792
220,0.002485,0.0104,0.5467,2.288,2.8347
