clk_ns,f_MHz,PDyn_mW,PLeak_mW,EDyn_pJ,ELeak_pJ,Etotal_pJ,cells,comb_cells,seq_cells,bufinv_cells,references,comb_area,bufinv_area,seq_area,area,start,end,arrival,slack,depth,path_avg_drive,path_fns,avg_drive,pct_D1,pct_D2,pct_D4plus,area_pct_D4plus,max_drive,avg_fanin,pct_fanin3plus,n_adder,n_xor,n_complex,n_simple,n_bufinv,top_cells,switch_mW,int_mW,leak_nW,mult,leak_share
0.244,4098.360655737705,4.055,0.0134,0.98942,0.0032696,0.99269,1254.0,1222.0,32.0,213.0,75.0,488.747531,43.701121,36.495361,525.242892,inp_b[0],prod_reg[26],0.23,0.0,17,2.2941176470588234,CKBx1 XNR2x1 OAI22x1 XOR2x1 XOR2x2 XNR2x2 XNR2x4 ND2x1 INVx1 AOI21x1 ND2x2 AOI21x4 OAI21x8 AOI21x4 OAI21x4 AOI21x1 XOR2x1,1.5621931260229132,73.07692307692308,16.53027823240589,10.39279869067103,20.417904115400937,12,2.5133795837462833,37.363726461843406,17,372,353,267,213,"XNR2D1BWP20P90LVT:172, INVD1BWP20P90LVT:126, OAI22D1BWP20P90LVT:119, XOR2D1BWP20P90LVT:83, ND2D1BWP20P90LVT:63",1.349,2.706,13400.0,1.0,0.3293676777241637
0.2562,3903.2006245121,3.242,0.0108,0.8306,0.00276696,0.833367,1117.0,1085.0,32.0,161.0,66.0,426.33217,33.436801,36.495361,462.827531,inp_a[7],prod_reg[23],0.24,0.0,16,2.25,BUFFx8 CKBx1 XNR2x1 OAI22x1 FA1x1 OR2x1 IOA21x1 XOR2x1 XOR2x4 OR2x1 ND2x2 OAI21x4 AOI21x4 OAI21x4 AOI21x1 XOR2x1,1.3566820276497695,83.50230414746544,10.046082949308756,6.451612903225806,12.463521400778209,12,2.536796536796537,39.285714285714285,40,323,313,248,161,"XNR2D1BWP20P90LVT:192, OAI22D1BWP20P90LVT:119, INVD1BWP20P90LVT:107, XOR2D1BWP20P90LVT:77, ND2D1BWP20P90LVT:69",1.088,2.154,10800.0,1.05,0.3320217863198327
0.2684,3725.7824143070043,2.749,0.00863,0.737832,0.00231629,0.740148,988.0,956.0,32.0,127.0,48.0,376.20289,23.120641,36.495361,412.698251,inp_a[15],prod_reg[21],0.25,0.0,15,2.066666666666667,BUFFx4 XOR2x2 ND2x4 OAI22x1 FA1x1 FA1x1 XNR2x1 XOR2x1 XNR2x4 ND2x2 OAI21x2 AOI21x2 OAI21x4 AOI21x1 XOR2x1,1.1485355648535565,91.84100418410041,5.439330543933054,2.719665271966527,4.698911395893621,8,2.5850422195416165,41.857659831121836,64,281,284,200,127,"XNR2D1BWP20P90LVT:173, OAI22D1BWP20P90LVT:134, XOR2D1BWP20P90LVT:90, INVD1BWP20P90LVT:89, ND2D1BWP20P90LVT:72",0.922,1.827,8630.0,1.1,0.31294957224771264
0.2806,3563.7918745545257,2.551,0.00772,0.715811,0.00216623,0.717977,899.0,867.0,32.0,136.0,39.0,354.741129,23.794561,36.495361,391.23649,inp_a[13],prod_reg[29],0.26,0.0,18,1.8333333333333333,INVx1 CKNx2 XOR2x2 CKNx2 ND2x4 OAI22x1 FA1x1 FA1x1 OAI21x1 IOA21x1 XNR2x1 XNR2x1 NR2x1 CKNR2x2 ND2x2 OAI21x8 AOI21x1 XOR2x1,1.130334486735871,92.04152249134948,6.113033448673587,1.845444059976932,3.4341663013298263,8,2.6292749658002736,44.45964432284542,95,217,234,185,136,"XNR2D1BWP20P90LVT:160, OAI22D1BWP20P90LVT:135, INVD1BWP20P90LVT:94, FA1D1BWP20P90LVT:83, ND2D1BWP20P90LVT:72",0.858,1.693,7720.0,1.1500000000000001,0.30171300751973945
0.2928,3415.3005464480875,2.377,0.0072,0.695986,0.00210816,0.698094,847.0,815.0,32.0,135.0,42.0,341.210889,24.572161,36.495361,377.70625,inp_a[9],prod_reg[24],0.27,0.0,14,1.3571428571428572,BUFFx4 BUFFx2 XNR2x1 OAI22x1 FA1x1 FA1x1 FA1x1 FA1x1 NR2x1 NR2x2 CKND2x1 INVx1 AOI21x1 XOR2x1,1.1276073619631901,91.90184049079754,6.5030674846625764,1.5950920245398772,2.4764509267699784,8,2.663235294117647,46.470588235294116,111,186,210,173,135,"XNR2D1BWP20P90LVT:140, OAI22D1BWP20P90LVT:135, FA1D1BWP20P90LVT:101, INVD1BWP20P90LVT:91, ND2D1BWP20P90LVT:77",0.801,1.576,7200.0,1.2,0.3019879844261661
0.305,3278.688524590164,2.22,0.00675,0.6771,0.00205875,0.679159,820.0,788.0,32.0,127.0,31.0,331.205769,21.772801,36.495361,367.70113,inp_a[7],prod_reg[21],0.29,0.0,14,1.2857142857142858,CKBx1 XOR2x1 INVx1 OAI22x1 FA1x1 FA1x1 FA1x1 FA1x1 NR2x1 NR2x1 ND2x2 OAI21x4 AOI21x1 XOR2x1,1.0482233502538072,96.95431472081218,2.4111675126903553,0.6345177664974619,0.9234622006573798,8,2.674735249621785,47.0499243570348,116,176,201,168,127,"XNR2D1BWP20P90LVT:139, OAI22D1BWP20P90LVT:135, FA1D1BWP20P90LVT:109, INVD1BWP20P90LVT:101, ND2D1BWP20P90LVT:74",0.736,1.484,6750.0,1.25,0.30313225621688
0.3172,3152.5851197982347,2.109,0.0066,0.668975,0.00209352,0.671068,814.0,782.0,32.0,133.0,27.0,327.888009,21.513601,36.495361,364.38337,inp_a[11],prod_reg[24],0.3,0.0,16,1.3125,CKBx1 XNR2x2 ND2x2 INVx1 INVx1 OAI22x1 FA1x1 FA1x1 FA1x1 FA1x1 ND2x1 OAI21x1 AOI21x1 OAI21x4 AOI21x1 XOR2x1,1.0217391304347827,98.59335038363172,1.0230179028132993,0.3836317135549872,0.6007905138339921,4,2.6856702619414485,47.76579352850539,118,172,198,161,133,"XNR2D1BWP20P90LVT:140, OAI22D1BWP20P90LVT:135, INVD1BWP20P90LVT:117, FA1D1BWP20P90LVT:110, ND2D1BWP20P90LVT:70",0.694,1.415,6600.0,1.3,0.3119683847240518
0.3416,2927.400468384075,1.902,0.00642,0.649723,0.00219307,0.651916,776.0,744.0,32.0,121.0,23.0,318.297609,19.440001,36.495361,354.79297,inp_a[3],prod_reg[31],0.32,0.0,17,1.0588235294117647,BUFFx2 XOR2x1 AN2x1 INVx1 OAI22x1 FA1x1 FA1x1 FA1x1 FA1x1 NR2x1 OAI21x1 AOI21x1 OAI21x1 AOI21x1 OAI21x1 AOI21x1 XOR2x1,1.0026881720430108,99.73118279569893,0.26881720430107525,0.0,0.0,2,2.693418940609952,47.67255216693419,118,172,185,148,121,"XNR2D1BWP20P90LVT:144, OAI22D1BWP20P90LVT:135, FA1D1BWP20P90LVT:111, INVD1BWP20P90LVT:110, ND2D1BWP20P90LVT:69",0.609,1.293,6420.0,1.4000000000000001,0.3364037698108345
0.366,2732.24043715847,1.785,0.00649,0.65331,0.00237534,0.655685,776.0,744.0,32.0,116.0,25.0,319.023369,18.714241,36.495361,355.51873,inp_a[7],prod_reg[31],0.35,0.0,18,1.2222222222222223,XNR2x1 CKND2x1 CKBx1 OAI22x1 FA1x1 FA1x1 FA1x1 FA1x1 ND2x1 OAI21x1 AOI21x1 OAI21x1 AOI21x1 OAI21x4 AOI21x1 OAI21x2 AOI21x1 XOR2x1,1.006720430107527,99.59677419354838,0.26881720430107525,0.13440860215053763,0.22749431264218395,4,2.6894904458598727,47.452229299363054,115,178,189,146,116,"XNR2D1BWP20P90LVT:148, OAI22D1BWP20P90LVT:135, FA1D1BWP20P90LVT:108, INVD1BWP20P90LVT:104, ND2D1BWP20P90LVT:66",0.57,1.215,6490.0,1.5,0.36226846732806156
0.427,2341.92037470726,1.51,0.00644,0.64477,0.00274988,0.64752,761.0,729.0,32.0,111.0,24.0,316.120329,17.884801,36.495361,352.61569,inp_a[5],prod_reg[31],0.41,0.0,24,1.1666666666666667,BUFFx2 XOR2x1 AN2x1 INVx1 OAI22x1 FA1x1 FA1x1 FA1x1 FA1x1 ND2x1 OAI21x1 AOI21x1 OAI21x1 AOI21x1 OAI21x1 AOI21x1 OAI21x1 AOI21x2 OAI21x2 AOI21x2 OAI21x1 AOI21x1 OAI21x1 XOR2x1,1.0054869684499315,99.45130315500685,0.5486968449931413,0.0,0.0,2,2.6893203883495147,47.0873786407767,115,179,182,142,111,"XNR2D1BWP20P90LVT:145, OAI22D1BWP20P90LVT:135, FA1D1BWP20P90LVT:108, INVD1BWP20P90LVT:100, ND2D1BWP20P90LVT:62",0.477,1.033,6440.0,1.75,0.4246787744007907
0.488,2049.1803278688526,1.303,0.0063,0.635864,0.0030744,0.638938,732.0,700.0,32.0,105.0,23.0,310.417928,17.107201,36.495361,346.91329,inp_a[15],prod_reg[31],0.47,0.0,27,1.0,INVx1 INVx1 XOR2x1 AN2x1 INVx1 OAI22x1 FA1x1 FA1x1 FA1x1 FA1x1 OR2x1 AOI21x1 OAI21x1 AOI21x1 OAI21x1 AOI21x1 OAI21x1 AOI21x1 OAI21x1 AOI21x1 OAI21x1 AOI21x1 OAI21x1 AOI21x1 OAI21x1 MAOI222x1 XNR2x1,1.0057142857142858,99.42857142857143,0.5714285714285714,0.0,0.0,2,2.7109243697478993,47.89915966386555,118,174,173,130,105,"XNR2D1BWP20P90LVT:149, OAI22D1BWP20P90LVT:135, FA1D1BWP20P90LVT:111, INVD1BWP20P90LVT:93, ND2D1BWP20P90LVT:62",0.407,0.896,6300.0,2.0,0.4811734471889291
0.732,1366.120218579235,0.857,0.00526,0.627324,0.00385032,0.631174,628.0,596.0,32.0,107.0,27.0,283.616646,16.744321,36.495361,320.112007,inp_b[0],prod_reg[31],0.71,0.0,35,2.4285714285714284,INVx1 INVx1 AOI22x1 AOI33x1 ND2x1 OAI21x1 FA1x2 FA1x2 FA1x2 FA1x2 FA1x1 FA1x2 FA1x4 FA1x4 FA1x4 FA1x4 FA1x4 FA1x1 FA1x4 FA1x4 FA1x4 FA1x4 FA1x2 FA1x4 FA1x4 FA1x4 FA1x4 FA1x4 FA1x2 FA1x1 FA1x1 FA1x1 FA1x1 FA1x2 XNR3x1,1.0838926174496644,96.30872483221476,1.342281879194631,2.348993288590604,8.188630963260831,4,3.834355828220859,88.5480572597137,139,1,280,69,107,"AOI22D1BWP20P90LVT:119, FA1D1BWP20P90LVT:117, OAI33D1BWP20P90LVT:110, INVD1BWP20P90LVT:105, ND2D1BWP20P90LVT:47",0.27,0.587,5260.0,3.0,0.6100251277777602
1.22,819.672131147541,0.463,0.00474,0.56486,0.0057828,0.570643,626.0,594.0,32.0,108.0,24.0,273.974407,16.899841,36.495361,310.469768,inp_a[1],prod_reg[31],0.82,0.38,33,1.0303030303030303,MAOI22x1 ND2x1 AOI22x1 OAI33x1 FA1x1 FA1x1 FA1x1 FA1x1 FA1x1 FA1x1 FA1x1 FA1x1 FA1x1 FA1x1 FA1x1 FA1x1 FA1x1 FA1x1 FA1x1 FA1x1 FA1x1 FA1x1 FA1x1 FA1x1 FA1x1 FA1x1 FA1x1 FA1x1 FA1x1 FA1x1 FA1x1 FA1x1 XNR3x2,1.0016835016835017,99.83164983164983,0.16835016835016836,0.0,0.0,2,3.853909465020576,89.30041152263375,139,1,281,65,108,"FA1D1BWP20P90LVT:139, AOI22D1BWP20P90LVT:119, OAI33D1BWP20P90LVT:111, INVD1BWP20P90LVT:106, ND2D1BWP20P90LVT:45",0.151,0.312,4740.0,5.0,1.0133831484833775
2.44,409.8360655737705,0.2289,0.00466,0.558516,0.0113704,0.569886,628.0,596.0,32.0,110.0,22.0,274.233607,17.210881,36.495361,310.728968,inp_b[0],prod_reg[31],0.82,1.61,35,1.0,INVx1 INVx1 AOI22x1 AOI33x1 ND2x1 OAI21x1 FA1x1 FA1x1 FA1x1 FA1x1 FA1x1 FA1x1 FA1x1 FA1x1 FA1x1 FA1x1 FA1x1 FA1x1 FA1x1 FA1x1 FA1x1 FA1x1 FA1x1 FA1x1 FA1x1 FA1x1 FA1x1 FA1x1 FA1x1 FA1x1 FA1x1 FA1x1 FA1x1 FA1x1 XNR3x1,1.0,100.0,0.0,0.0,0.0,1,3.853909465020576,89.30041152263375,139,1,281,65,110,"FA1D1BWP20P90LVT:139, AOI22D1BWP20P90LVT:119, OAI33D1BWP20P90LVT:111, INVD1BWP20P90LVT:108, ND2D1BWP20P90LVT:45",0.0749,0.154,4660.0,10.0,1.9952060587556104
24.4,40.98360655737705,0.02288,0.00466,0.558272,0.113704,0.671976,628.0,596.0,32.0,110.0,22.0,274.233607,17.210881,36.495361,310.728968,inp_b[0],prod_reg[31],0.82,23.57,35,1.0,INVx1 INVx1 AOI22x1 AOI33x1 ND2x1 OAI21x1 FA1x1 FA1x1 FA1x1 FA1x1 FA1x1 FA1x1 FA1x1 FA1x1 FA1x1 FA1x1 FA1x1 FA1x1 FA1x1 FA1x1 FA1x1 FA1x1 FA1x1 FA1x1 FA1x1 FA1x1 FA1x1 FA1x1 FA1x1 FA1x1 FA1x1 FA1x1 FA1x1 FA1x1 XNR3x1,1.0,100.0,0.0,0.0,0.0,1,3.853909465020576,89.30041152263375,139,1,281,65,110,"FA1D1BWP20P90LVT:139, AOI22D1BWP20P90LVT:119, OAI33D1BWP20P90LVT:111, INVD1BWP20P90LVT:108, ND2D1BWP20P90LVT:45",0.00748,0.0154,4660.0,100.0,16.92084241103849
244.0,4.098360655737705,0.002288,0.00466,0.558272,1.13704,1.69531,628.0,596.0,32.0,110.0,22.0,274.233607,17.210881,36.495361,310.728968,inp_a[1],prod_reg[31],0.82,243.17,33,1.0,MAOI22x1 ND2x1 AOI22x1 OAI33x1 FA1x1 FA1x1 FA1x1 FA1x1 FA1x1 FA1x1 FA1x1 FA1x1 FA1x1 FA1x1 FA1x1 FA1x1 FA1x1 FA1x1 FA1x1 FA1x1 FA1x1 FA1x1 FA1x1 FA1x1 FA1x1 FA1x1 FA1x1 FA1x1 FA1x1 FA1x1 FA1x1 FA1x1 XNR3x1,1.0,100.0,0.0,0.0,0.0,1,3.853909465020576,89.30041152263375,139,1,281,65,110,"FA1D1BWP20P90LVT:139, AOI22D1BWP20P90LVT:119, OAI33D1BWP20P90LVT:111, INVD1BWP20P90LVT:108, ND2D1BWP20P90LVT:45",0.000748,0.00154,4660.0,1000.0,67.06973945768031
