clk_ns,PDyn_mW,PLeak_mW,EDyn_pJ,ELeak_pJ,Etotal_pJ
0.33,2.796,0.00107,0.92268,0.0003531,0.923033
0.3465,2.176,0.000775288,0.753984,0.000268637,0.754253
0.363,1.915,0.00067507,0.695145,0.00024505,0.69539
0.3795,1.684,0.000582668,0.639078,0.000221123,0.639299
0.396,1.589,0.000556483,0.629244,0.000220367,0.629464
0.4125,1.491,0.000533531,0.615038,0.000220082,0.615258
0.429,1.409,0.000527784,0.604461,0.000226419,0.604687
0.462,1.295,0.000521473,0.59829,0.000240921,0.598531
0.495,1.215,0.000522946,0.601425,0.000258858,0.601684
0.5775,1.036,0.000517909,0.59829,0.000299092,0.598589
0.66,0.891,0.000510992,0.58806,0.000337255,0.588397
0.99,0.575,0.000403321,0.56925,0.000399288,0.569649
1.65,0.317,0.000367875,0.52305,0.000606994,0.523657
3.3,0.158,0.000360637,0.5214,0.0011901,0.52259
33,0.0158,0.000360637,0.5214,0.011901,0.533301
330,0.00158,0.000360637,0.5214,0.11901,0.64041